Layer,Cell 1,Cell 2,Cell 3,Cell 4,Cell 5,Cell 6,Cell 7,Cell 8,Cell 9,Cell 10,CellAVG,Obs
RGDS-1,0.129,0,0.322,1.05,0.547,0.064,0.376,0.504,0.787,0.091,0.38700,1
RGDS-1,0.387,0.204,0.52,0.721,0.532,0.204,0.577,0.182,0.516,0,0.38430,2
RGDS-1,0.204,0.064,0.347,0.322,0.967,0.144,0.721,0.408,0.612,0.129,0.39180,3
RGDS-1,0.959,0.233,0.322,0.612,0.516,0,0,0,0.779,0.433,0.38540,4
RGDS-1,0.52,0.451,0.595,0.433,0.712,0,0.456,1.104,0.968,0.408,0.56470,5
RGDS-1,0.516,0.288,0.777,0,0.504,0.064,0,0.838,0.266,0.064,0.33170,6
RGDS-1,0.532,0.465,0.233,0.868,1.073,0.258,0.144,0.896,0.064,0.798,0.53310,7
RGDS-1,0.376,0.144,0.798,0.52,0.645,0.064,0.064,0.648,0.433,0.785,0.44770,8
RGDS-1,0.413,0.233,0.712,0.144,0.551,0.193,0.408,1.678,0.433,0.504,0.52690,9
RGDS-1,0.274,0,0.413,0.577,0.841,0,0.433,0.392,0.322,0.258,0.35100,10
RGDS-1,0.064,0.129,0.608,0.584,0.347,0.064,0.877,0.612,0.848,0.504,0.46370,11
RGDS-1,0.288,0.258,0.347,0.258,0.903,0,0.451,0.144,0.787,0.091,0.35270,12
RGDS-1,0.413,0.144,0.392,0.52,0.274,0.976,0.091,0.735,0.288,0.912,0.47450,13
RGDS-1,0.233,0.144,0.193,0.516,0.433,0.532,0.451,0.387,0.322,0.785,0.39960,14
RGDS-1,0.532,0.182,0.129,0.144,0.129,0.193,0.392,0.721,0.456,0.064,0.29420,15
RGDS-1,0.491,0.365,0.064,0.413,0.322,0.204,0.193,0.868,0.376,0.204,0.35000,16
RGDS-1,0.129,0.258,0.064,0.608,0.392,0.129,0.064,0.841,0.091,0.129,0.27050,17
RGDS-1,0.233,1.143,0.258,0.193,0.71,0.204,0.193,0.194,0.392,0.194,0.37140,18
RGDS-1,0.288,1.001,0.322,0.266,0.451,0,0,0.322,0.204,0.673,0.35270,19
RGDS-1,0.258,0.376,0.233,0.322,0.721,0.064,0.451,0.452,0.808,0.465,0.41500,20
RGDS-1,0.329,0,0,0.064,0.322,0.064,0.233,0.322,0.584,0.52,0.24380,21
RGDS-1,0.193,0.841,0.182,0.392,0,0,0.064,0.577,0.288,0.721,0.32580,22
RGDS-1,0.905,0.387,0.064,0.193,0.322,0.392,0.233,0.695,0.144,0.258,0.35930,23
RGDS-1,0.595,0.322,0.322,0.456,0.721,0.129,0.064,0.577,0.288,0.452,0.39260,24
RGDS-1,0.581,0.433,0.52,0.204,1.126,0,0.144,0.233,0,1.212,0.44530,25
RGDS-1,0.532,0.755,0.551,0.456,0.456,0.387,0.204,1.184,0.258,0.387,0.51700,26
RGDS-1,0.266,0.905,0.329,0.129,0.456,0.52,0,0.923,0.785,0.376,0.46890,27
RGDS-1,0.233,0.288,0.532,0.532,0.129,0,0.258,0.584,0.204,0.645,0.34050,28
RGDS-1,0.193,0.456,0.595,0.322,0.584,0,0,0.516,0.288,0.645,0.35990,29
RGDS-1,0.233,0.774,0.322,0.695,0.408,0.47,0.258,0.204,0.504,0.182,0.40500,30
RGDS-1,0.129,0.408,0.555,0.408,0.841,0,0,1.935,0.433,0.504,0.52130,31
RGDS-1,0.387,0.97,0.491,0.329,0.877,0.491,0.064,1.128,0.274,0.555,0.55660,32
RGDS-1,0.064,0.204,0.266,0.193,1.442,0.193,0,0.721,0.952,1.098,0.51330,33
RGDS-1,0.456,0.595,0.204,0.204,0.516,0,0.091,0.532,1.003,0.392,0.39930,34
RGDS-1,0.392,0.551,0.491,0.144,0.204,0.182,0,0.695,0.555,0.595,0.38090,35
RGDS-1,0.266,0.433,0.258,0.274,0.376,0.144,0.144,0.551,0.182,0.433,0.30610,36
RGDS-1,0.274,0.266,0.47,0,0.347,0.129,0.258,0.826,0,0.787,0.33570,37
RGDS-1,0.193,0.698,0.451,0.233,0.816,0.347,0.064,1.415,0,0.695,0.49120,38
RGDS-1,0.322,0.47,0.392,0.129,1.355,0.584,0,0.577,0.408,0.755,0.49920,39
RGDS-1,0,0.785,0.532,0.71,0.959,0.204,0.274,0.456,0.452,0.491,0.48630,40
RGDS-2,0.322,0.091,0.848,0.329,0.433,0.798,0.288,0.491,0.735,0,0.43350,1
RGDS-2,0.233,0.433,0.686,0.347,0.322,0.648,0.456,0.456,0.516,0,0.40970,2
RGDS-2,0.347,0.182,0.903,0.577,0.322,0.595,1.102,0.577,0.387,0,0.49920,3
RGDS-2,1.032,0.329,0.504,0.392,0.144,1.432,0.752,0.774,0.413,0.091,0.58630,4
RGDS-2,0.258,0.193,0.266,0.365,0,1.232,0.392,0.52,0.491,0.376,0.40930,5
RGDS-2,0.47,0.408,0.673,0,0.129,0.839,0.612,0.581,1.04,0.47,0.52220,6
RGDS-2,0.392,0.322,0.608,0.347,0.064,0.47,0.52,0.595,0.868,0.365,0.45510,7
RGDS-2,0.329,0.204,0.347,0.491,0.204,0.451,0.52,0.408,0.322,0,0.32760,8
RGDS-2,0.233,0.129,0.204,0.144,0.144,0.204,0.47,0.595,0,0.322,0.24450,9
RGDS-2,0.204,0.329,0.777,0.47,0.144,0.233,0.193,0.551,0.387,0.194,0.34820,10
RGDS-2,0.182,0.433,0.532,0.233,0.091,0.288,0.329,0.064,0,0.939,0.30910,11
RGDS-2,0.204,0.47,0.322,0.144,0.204,1.347,0.376,0.266,0.193,0.532,0.40580,12
RGDS-2,0.329,0.387,0.288,0.658,0.064,0.658,0.233,0.182,0.204,0.721,0.37240,13
RGDS-2,0.182,0.47,0.182,0.144,0.064,0.581,0.639,0.387,0.144,0.322,0.31150,14
RGDS-2,0.091,0.516,0.266,0.376,0.193,0.182,0.735,0.612,0.064,0.387,0.34220,15
RGDS-2,0.064,0.392,0.645,0.144,0.144,0.47,0.52,0.413,0.322,0.322,0.34360,16
RGDS-2,0.233,0.144,0.091,0.091,0.064,0.465,0.266,0.504,0.064,0.204,0.21260,17
RGDS-2,0.064,0.288,0.233,0.288,0.144,0.365,0.204,0.233,0.204,0.408,0.24310,18
RGDS-2,0.129,0,0.182,0.322,0,1.246,0.433,0.365,0.144,0.288,0.31090,19
RGDS-2,0.47,0.577,0.144,0.322,0.129,0.721,0.193,0.204,0.129,0,0.28890,20
RGDS-2,0.144,0.635,0.329,0.266,0,0.504,0.555,0.664,0.322,0.194,0.36130,21
RGDS-2,0.392,0.595,0.288,0.129,0.365,0.144,0.329,0.091,0.064,0.258,0.26550,22
RGDS-2,0.091,0.347,0.258,0.182,0.288,0.193,0.144,0.491,0.347,0.392,0.27330,23
RGDS-2,0.465,0.144,0.129,0.129,0.064,0.182,0.193,0.491,0.258,0.266,0.23210,24
RGDS-2,0,0.551,0.376,0.233,0.258,0.967,0.233,0.433,0.193,0.064,0.33080,25
RGDS-2,0.365,1.098,0.392,0.129,0.233,0.581,0.204,0.129,0.064,0.064,0.32590,26
RGDS-2,0.204,0.52,0.288,0.233,0,0.064,0,1.001,0.064,0.064,0.24380,27
RGDS-2,0.064,0.686,0.204,0.193,0.266,0.129,0.091,0.808,0.091,0.233,0.27650,28
RGDS-2,0.288,0.917,0.204,0.204,0.129,0,0.329,0.387,0.182,0.274,0.29140,29
RGDS-2,0.274,0.826,0.433,0.064,0.129,0.182,0.144,0.193,0.288,0.258,0.27910,30
RGDS-2,0.347,0.645,0.347,0.144,0.193,0,0.392,0.712,0.504,0.52,0.38040,31
RGDS-2,0.376,0.456,0.408,0.274,0.392,0.274,0.387,0.982,0.266,0.233,0.40480,32
RGDS-2,0.365,0.266,0.413,0.144,0.204,0.376,0.091,0.347,0.064,0.645,0.29150,33
RGDS-2,0.408,0.752,0.413,0.413,0.204,0,0,0.091,0.064,0.595,0.29400,34
RGDS-2,0.266,0.266,0.091,0.274,0.193,0.182,0.064,0.577,0.064,0.645,0.26220,35
RGDS-2,0.52,0.144,0.064,0.322,0.129,0.193,0,0.274,0.129,0.322,0.20970,36
RGDS-2,0.233,0.387,0.491,0.144,0.347,0.266,0.144,0.347,0.233,0.413,0.30050,37
RGDS-2,0.129,0.387,0.387,0.064,0.144,0.144,0.144,0.144,0.288,0.612,0.24430,38
RGDS-2,0.144,0.091,1.217,0.144,0.129,0,0.129,0.73,0,0.896,0.34800,39
RGDS-2,0.233,0.193,1.693,0.274,0.547,0.129,0.064,0.923,0.322,0.329,0.47070,40
EPA-1,0.144,0.144,0.329,0.204,0.465,0.233,0.322,0.129,0,0.258,0.22280,1
EPA-1,0.658,0.266,0.193,0.193,0.288,0,0.258,0.204,0.408,0.322,0.27900,2
EPA-1,0.329,0.504,0.258,0,0,0.193,0.064,0.233,0.129,0.555,0.22650,3
EPA-1,0,0,0.064,0.144,0.091,0.144,0.322,0.645,0.532,0.266,0.22080,4
EPA-1,0.347,0.322,0,0,0.288,0.532,0.387,0.064,0.456,0.288,0.26840,5
EPA-1,0,0.387,0.258,0.064,0,0.456,0.532,0.204,0.376,0.387,0.26640,6
EPA-1,0.064,0.266,0.129,0.064,0.204,0.52,0.064,0.456,0.064,0.288,0.21190,7
EPA-1,0.064,0.456,0.322,0.129,0.064,0.274,0.329,0.064,0.129,0.129,0.19600,8
EPA-1,0.129,0.233,0,0.204,0.288,0,0.258,0.204,0.433,0.465,0.22140,9
EPA-1,0,0.144,0.144,0.322,0.129,0.451,0.064,0.288,0.182,0.491,0.22150,10
EPA-1,0.064,0.376,0,0.266,0.233,0,0.387,0.322,0.288,0.577,0.25130,11
EPA-1,0,0,0.182,0.347,0.129,0,0.129,0.516,0.347,0.091,0.17410,12
EPA-1,0,0.064,0.465,0.258,0.129,0.392,0.376,0.144,0.433,0.413,0.26740,13
EPA-1,0.266,0.274,0,0.322,0.182,0,0.376,0,0.144,0.322,0.18860,14
EPA-1,0.182,0.258,0.129,0,0.288,0.451,0.274,0.392,0.064,0,0.20380,15
EPA-1,0.408,0.329,0,0.329,0.193,0,0.064,0.288,0.233,0.064,0.19080,16
EPA-1,0.266,0.504,0,0,0.064,0.433,0.193,0.555,0.387,0.129,0.25310,17
EPA-1,0.182,0.091,0.193,1.419,0.144,0.064,0.258,0.144,0.233,0.144,0.28720,18
EPA-1,0.204,0.233,0.144,0.456,0.193,0.52,0,0.288,0.274,0.456,0.27680,19
EPA-1,1.034,0.329,0.129,0.387,0.064,0.258,0.129,0.413,1.189,0.144,0.40760,20
EPA-1,0.233,0.456,0.129,0.648,0.266,0.129,0.064,0.193,0.376,0.064,0.25580,21
EPA-1,0.144,0.465,0.064,0.673,0.387,0.322,0,0.288,0.52,0.413,0.32760,22
EPA-1,0.258,0.451,0,0.52,0.233,0.387,0.064,0.465,0.608,0,0.29860,23
EPA-1,0.258,0.516,0.266,0.376,0.193,0.97,0.129,0.673,0.091,0.347,0.38190,24
EPA-1,0.258,0.347,0.129,0.785,0.129,0.144,0.129,0.288,0.456,0.182,0.28470,25
EPA-1,0.387,0.233,0.204,0.347,0.532,0,0.129,0.861,0,0.064,0.27570,26
EPA-1,0.129,1.304,0.673,0.658,1.217,0.433,0.129,0.532,0.504,0.194,0.57730,27
EPA-1,0.896,0.595,0.144,0.645,0.658,0.695,0.322,0.129,0.322,0.129,0.45350,28
EPA-1,0.064,0.347,0.347,0.826,0.798,0.698,0.091,0.258,0.091,0.194,0.37140,29
EPA-1,0.408,0.839,0.595,0.47,0.266,0.608,0,0.322,0.258,0,0.37660,30
EPA-1,0.365,0.551,0.091,1.239,0.451,0.595,0.129,1.177,0.387,0.194,0.51790,31
EPA-1,0.204,0.952,0.465,0.816,0.144,0.266,0.193,0.584,0.266,0.194,0.40840,32
EPA-1,0.144,0.939,0.064,1.184,0.064,0.408,0.129,0.322,0.451,0,0.37050,33
EPA-1,0.47,0.274,0.555,0.387,0.322,0.658,0.144,0.091,0.064,0.233,0.31980,34
EPA-1,0.816,0.288,0.064,0.144,0.064,0.288,0.193,0.258,0.129,0,0.22440,35
EPA-1,0.376,0.233,0.387,0.465,0.504,0.329,0,0.612,0.322,0.274,0.35020,36
EPA-1,0,0.408,0.392,0,0.595,0.456,0.456,0.193,0.193,0.144,0.28370,37
EPA-1,0.064,0.465,0.274,0.673,0.129,0.365,0.266,0.71,0.204,0,0.31500,38
EPA-1,0.322,0.413,0.064,1.102,0.322,0.266,0.064,0.577,0,0.091,0.32210,39
EPA-1,1.504,0.868,0.347,0.664,0.274,0.433,0.129,0.465,0.322,0.288,0.52940,40
EPA-2,0.193,0.091,0.144,0.433,0,0.233,0.193,0.064,0.47,0.091,0.19120,1
EPA-2,0,0.288,0.329,0.288,0.193,0,0.387,0,0.376,0.47,0.23310,2
EPA-2,0.144,0.288,0.064,0.532,0.504,0.064,0.392,0.233,0.408,0.413,0.30420,3
EPA-2,0.387,0.129,0.233,0.329,0.129,0.193,0.288,0.808,0.129,0.258,0.28830,4
EPA-2,0,0,0.456,0,0.322,0,0.129,0.193,0.365,0.392,0.18570,5
EPA-2,0.456,0.144,0,0.182,0.266,0,0.204,0.091,0.451,0.144,0.19380,6
EPA-2,0.091,0.233,0.091,0.204,0.329,0.144,0.193,0.347,0.258,0.841,0.27310,7
EPA-2,0.288,0.129,0.581,0.144,0.193,0,0.193,0.204,0.204,0.456,0.23920,8
EPA-2,0.266,0.064,0.144,0.091,0.144,0.129,0.064,0.329,0.288,0.877,0.23960,9
EPA-2,0.129,0.064,0.347,0.091,0.258,0.064,0.193,0.266,0.392,0.595,0.23990,10
EPA-2,0,0,0.387,0.144,0.091,0.129,0.274,0.266,0.985,0.735,0.30110,11
EPA-2,0.329,0.091,0.516,0.204,0.322,0.091,0.064,0.193,0.798,0.52,0.31280,12
EPA-2,0.129,0,0.777,0,0.064,0.413,0.129,0.774,0.97,0.413,0.36690,13
EPA-2,0,0.064,0.686,0.204,0.144,0.233,0.376,0.392,1.034,0.322,0.34550,14
EPA-2,0,0.091,0.516,0.144,0,0,0.193,0.144,1.184,0.532,0.28040,15
EPA-2,0.144,0.266,0.347,0.204,0.129,0.347,0.129,0.144,0.532,0.064,0.23060,16
EPA-2,0,0.322,0.777,0.322,0.091,0.516,0,0.129,0.721,0.47,0.33480,17
EPA-2,0,0.129,0.595,0.387,0.064,0.555,0.064,0.376,0.595,0.322,0.30870,18
EPA-2,0.129,0.129,0.608,0,0.091,0.193,0.182,0.266,0.144,0.47,0.22120,19
EPA-2,0,0.129,0.491,0.233,0.182,0,0.129,0,0.322,1.168,0.26540,20
EPA-2,0.193,0.182,0.456,0.233,0.266,0.144,0.064,0.322,0.451,1.42,0.37310,21
EPA-2,0.064,0.064,0.376,0.266,0.129,0.129,0.266,0.329,0.735,0.408,0.27660,22
EPA-2,0.144,0.204,0,0.064,0.182,0,0,0.064,0.47,0.204,0.13320,23
EPA-2,0.129,0.288,0.71,0.288,0,0.091,0.129,0.551,0.516,1.008,0.37100,24
EPA-2,0,0.258,0.204,0.204,0.182,0.064,0.129,0.193,0.387,1.267,0.28880,25
EPA-2,0.129,0.258,0.258,0.274,0,0.392,0.129,0.144,0.266,0.52,0.23700,26
EPA-2,0,0.288,0.408,0.392,0.091,0.233,0.064,0.144,0.433,0.204,0.22570,27
EPA-2,0,0.144,0.329,0,0.064,0.985,0.091,0.204,0.912,0.816,0.35450,28
EPA-2,0,0.129,0.504,0.091,0.204,2.968,0.129,0.193,1.485,0.841,0.65440,29
EPA-2,0.129,0.064,0.288,0.204,0.182,0.129,0.387,0.129,0.329,1.05,0.28910,30
EPA-2,0.091,0.144,0,0,0,0.595,0.064,0.182,0.322,1.081,0.24790,31
EPA-2,0.712,0.581,0.204,0.129,0.064,1.126,0.091,0.064,0.064,0.896,0.39310,32
EPA-2,0.347,0.144,0.456,0.182,0.091,1.064,0.064,0.204,0.673,0.288,0.35130,33
EPA-2,1.104,0.193,0.347,0.144,0.064,0.433,0.064,0.322,0.877,0.826,0.43740,34
EPA-2,0.376,0.182,0.258,0,0,0.456,0.204,0.233,0.787,1.306,0.38020,35
EPA-2,0.091,0.288,0.193,0.193,0.182,0.204,0.144,0.451,0.712,1.186,0.36440,36
EPA-2,0,0.064,0.144,0.144,0.064,0.456,0.144,0.233,0.612,0.848,0.27090,37
EPA-2,0.064,0.322,0.064,0.064,0.258,0.193,0.288,0,0.288,0.452,0.19930,38
EPA-2,0.204,0,0.204,0.258,0.129,0.322,0.645,0.258,0.182,0.408,0.26100,39
EPA-2,0.465,0.064,0.144,0.413,0,0.288,0.129,0.129,0.193,0.645,0.24700,40
FSL-1,0,0,0,0,0.129,0.204,0,0,0.673,0,0.10060,1
FSL-1,0.193,0.091,0,0,0,0,0.129,0.433,0.193,0.329,0.13680,2
FSL-1,0.266,0,0,0,0.064,0.129,0.064,0,0.329,0,0.08520,3
FSL-1,0,0.193,0.064,0,0,0.144,0.064,0.182,0.266,0.233,0.11460,4
FSL-1,0,0,0,0.233,0,0,0.129,0.091,0.433,0,0.08860,5
FSL-1,0,0,0.193,0.365,0,0.064,0.064,0.064,0.064,0,0.08140,6
FSL-1,0,0,0.064,0.258,0,0.233,0.204,0.288,0.193,0.233,0.14730,7
FSL-1,0,0.258,0,0.193,0.129,0.064,0.064,0,0.635,0.329,0.16720,8
FSL-1,0,0,0,0.144,0.064,0.129,0,0.129,0.504,0.064,0.10340,9
FSL-1,0,0,0.721,0.129,0.322,0.064,0,0.322,0.52,0.194,0.22720,10
FSL-1,0,0,0,0.064,0,0.064,0,0,0.985,0.413,0.15260,11
FSL-1,0,0,0.064,0,0.288,0,0.387,0.064,0.47,0.322,0.15950,12
FSL-1,0.193,0,0.144,0,0,0,0,0,0.52,0.516,0.13730,13
FSL-1,0,0.064,0,0.064,0,0,0,0,0.612,0.635,0.13750,14
FSL-1,0.288,0.129,0.258,0.258,0,0.144,0.144,0.387,0.091,0.194,0.18930,15
FSL-1,0.064,0,0.064,0,0.064,0,0.258,0.091,0.516,0.129,0.11860,16
FSL-1,0.322,0.233,0,0,0.144,0.129,0,0.193,0.735,0.392,0.21480,17
FSL-1,0,0,0,0.064,0.064,0,0.064,0.064,0.413,0,0.06690,18
FSL-1,0,0.129,0,0.091,0,0.347,0,0.064,0.091,0.52,0.12420,19
FSL-1,0,0.182,0,0,0,0.413,0.233,0.129,0.52,0.387,0.18640,20
FSL-1,0,0.091,0,0,0,0,0,0.064,0.258,0.329,0.07420,21
FSL-1,0.516,0.064,0,0.144,0,0.144,0,0.144,0.392,0.288,0.16920,22
FSL-1,0.064,0.491,0.064,0,0,0.408,0.635,0.144,0.392,0.456,0.26540,23
FSL-1,0.408,0,0.392,0.091,0,0.392,0.826,0,0.452,0.144,0.27050,24
FSL-1,0,0,0.064,0.193,0.266,0,0.329,0.258,0.52,0.288,0.19180,25
FSL-1,0,0.193,0.193,0,0,0.129,0.322,0.329,0.392,0.266,0.18240,26
FSL-1,0.193,0.204,0,0,0,0,0,0.347,0,0.433,0.11770,27
FSL-1,0,0.182,0.387,0.721,0,0,0,0.204,0.721,0.091,0.23060,28
FSL-1,0,0.233,0.129,0.658,0.288,0,0,0.233,0.456,0.144,0.21410,29
FSL-1,0,0.144,0.322,0.144,0.266,0.204,0.204,0.347,0,0.182,0.18130,30
FSL-1,0.091,0.064,0,0,0,0,0,0.516,0.129,0.266,0.10660,31
FSL-1,0.193,0.129,0.193,0.193,0.144,0.064,0.266,0.064,0.204,0.322,0.17720,32
FSL-1,0.182,0.451,0,0.322,0,0.608,0.064,0.129,0.456,0.129,0.23410,33
FSL-1,0.129,0.204,0.064,0.258,0,0.413,0.274,0.233,0.491,0.322,0.23880,34
FSL-1,0,0.064,0,0.064,0,0.193,0,0.064,0.433,0.064,0.08820,35
FSL-1,0.091,0,0,0.516,0.595,0.392,0,0,0.645,0.064,0.23030,36
FSL-1,0.129,0,0,0.274,0,0.064,0.091,0.658,0.194,0.194,0.16040,37
FSL-1,0,0.091,0.288,0.322,0.532,0.193,0,0.258,0.266,0.266,0.22160,38
FSL-1,0.392,0.347,0.091,0.347,0.144,0,0.266,0.064,0.144,0.194,0.19890,39
FSL-1,0,0.129,0,0.129,0,0,0.064,0.064,0.144,0.194,0.07240,40
FSL-2,0.376,0.144,0.329,0.193,0.204,0.129,0.129,0.258,0.182,0.266,0.22100,1
FSL-2,0,0.144,0.329,0.144,0.233,0.288,0.091,0.288,0.266,0,0.17830,2
FSL-2,0.204,0.129,0.233,0.392,0.064,0,0.129,0.064,0.322,0.129,0.16660,3
FSL-2,0.193,0.064,0.064,0.347,0.144,0.376,0,0.064,0.233,0.194,0.16790,4
FSL-2,0.182,0,0.182,0.204,0,0,0.144,0.258,0.144,0,0.11140,5
FSL-2,0.204,0.193,0.233,0.204,0.144,0.233,0,0,0.064,0,0.12750,6
FSL-2,0,0.204,0,0.258,0,0.064,0,0,0.204,0,0.07300,7
FSL-2,0.258,0.091,0.129,0.258,0.064,0,0,0.258,0.182,0.064,0.13040,8
FSL-2,0.064,0.129,0,0.233,0,0.129,0.064,0.129,0.064,0,0.08120,9
FSL-2,0.064,0.193,0.064,0.392,0,0,0,0.129,0.129,0.064,0.10350,10
FSL-2,0,0.064,0.091,0.288,0.129,0.064,0.182,0.064,0,0.392,0.12740,11
FSL-2,0.064,0.266,0.129,0.129,0.233,0,0.064,0.129,0,0,0.10140,12
FSL-2,0.064,0,0.064,0.392,0.064,0.129,0.064,0,0.064,0,0.08410,13
FSL-2,0,0.064,0.064,0.193,0.258,0.288,0.064,0.144,0.322,0,0.13970,14
FSL-2,0,0.204,0,0.204,0.129,0,0,0.064,0,0.129,0.07300,15
FSL-2,0.064,0.233,0.233,0.387,0.144,0.194,0,0.144,0,0.064,0.14630,16
FSL-2,0,0.144,0,0.091,0,0.129,0.258,0.064,0,0.129,0.08150,17
FSL-2,0.144,0.064,0.144,0.144,0.204,0,0,0.258,0.064,0.129,0.11510,18
FSL-2,0,0.129,0,0.233,0,0,0.064,0.329,0.064,0.064,0.08830,19
FSL-2,0.064,0.144,0.433,0.129,0,0.064,0.274,0.064,0.064,0.129,0.13650,20
FSL-2,0,0.064,0.204,0.288,0,0.064,0.322,0.064,0.064,0.194,0.12640,21
FSL-2,0.266,0.144,0.193,0.064,0,0.144,0.064,0.091,0.091,0,0.10570,22
FSL-2,0.129,0.129,0.129,0.182,0.322,0,0.194,0,0.144,0.376,0.16050,23
FSL-2,0,0.064,0,0.408,0.129,0.129,0,0.233,0.064,0,0.10270,24
FSL-2,0,0,0.129,0.144,0.129,0,0.064,0,0.064,0.144,0.06740,25
FSL-2,0,0.204,0,0.288,0,0.204,0.392,0.064,0.064,0.144,0.13600,26
FSL-2,0.064,0.266,0,0.322,0,0.129,0.47,0.129,0,0.266,0.16460,27
FSL-2,0,0.129,0.193,0.413,0.091,0,0,0.064,0.144,0,0.10340,28
FSL-2,0,0,0.329,0.144,0.064,0.194,0.194,0,0,0.194,0.11190,29
FSL-2,0,0.581,0.064,0.204,0.129,0.064,0.064,0,0.274,0.322,0.17020,30
FSL-2,0.376,0.322,0.266,0.144,0.274,0,0.144,0,0.322,0.266,0.21140,31
FSL-2,0.129,0.129,0.258,0.091,0.064,0.322,0.091,0.204,0,0.194,0.14820,32
FSL-2,0,0.193,0.258,0.233,0.091,0.129,0,0.129,0,0,0.10330,33
FSL-2,0.193,0.329,0.129,0.233,0.387,0.288,0,0.204,0.129,0,0.18920,34
FSL-2,0,0.144,0.347,0.258,0.194,0.129,0.144,0.204,0.091,0.064,0.15750,35
FSL-2,0.091,0.193,0.376,0.144,0,0.288,0,0.456,0.322,0.144,0.20140,36
FSL-2,0,0.288,0.144,0.204,0.064,0.064,0.064,0.064,0.129,0,0.10210,37
FSL-2,0.129,0,0.204,0.144,0.064,0.329,0,0.064,0.064,0.194,0.11920,38
FSL-2,0.204,0.233,0.193,0.193,0.194,0.266,0.064,0.144,0.233,0.091,0.18150,39
FSL-2,0,0.266,0.129,0.129,0.144,0.129,0.258,0,0,0.233,0.12880,40
RSL-1,0.144,0.233,0,0.721,0.182,0.266,0.504,0,0,0,0.20500,1
RSL-1,0.258,0,0.322,0.504,0.144,0,0.595,0.266,0.376,0,0.24650,2
RSL-1,0.465,0.193,0.266,0,0.204,0.193,0.376,0,0,0.129,0.18260,3
RSL-1,0.798,0,0.698,0.322,0,0,0.413,0.504,0.322,0.064,0.31210,4
RSL-1,0.923,0,0.735,0.47,0.129,0.129,0.648,0,0,0.376,0.34100,5
RSL-1,0.721,0,0.456,0.392,0,0,0.52,0.091,0.73,0.064,0.29740,6
RSL-1,0.896,0,0.504,0.52,0.329,0.091,0.258,0.204,0.288,0.608,0.36980,7
RSL-1,0,0,0.555,0.433,0.144,0,0.581,0.064,0.491,0.868,0.31360,8
RSL-1,0.612,0.144,0.465,0.721,0.204,0,0.376,0.091,0.465,0.064,0.31420,9
RSL-1,0.233,1.471,0.555,0.329,0,0.288,0.777,0.456,0.064,0.581,0.47540,10
RSL-1,0.52,0.347,0.456,0.064,0.193,0,0.193,0,0.204,0.064,0.20410,11
RSL-1,0.365,0.193,0.193,0.266,0,0.064,0,0,0.064,0.686,0.18310,12
RSL-1,0.504,0.491,1.05,0.329,0,1.064,0.204,0.129,0.091,0.274,0.41360,13
RSL-1,0.664,0.808,0.266,0.376,0.322,0.193,0.182,0,0.392,0.433,0.36360,14
RSL-1,0.144,0.144,0.465,0.658,0,0.091,0.329,0,0.52,0,0.23510,15
RSL-1,0,0.129,0.144,0.413,0.129,0.408,0.129,0.584,0.129,0.347,0.24120,16
RSL-1,0.233,0,0.532,0.816,0.233,0.735,0.064,0.258,0.064,0.347,0.32820,17
RSL-1,0.329,0.233,0.204,0.686,0.064,0.274,0,0,1.02,0.144,0.29540,18
RSL-1,0.129,0.233,0.686,0.322,0,0.581,0.329,0.204,0.064,0.064,0.26120,19
RSL-1,0.258,0.233,0.129,0.091,0.129,0.129,0.064,0.064,0.413,0.274,0.17840,20
RSL-1,0.387,1.168,0,0.413,0,0.274,0.392,0,0.698,0,0.33320,21
RSL-1,0,0.064,0.322,0.712,0.387,0.266,0.408,0,0.612,0.258,0.30290,22
RSL-1,0.129,0.064,0.52,0.976,0.091,0,0.376,0.064,0.064,0.129,0.24130,23
RSL-1,0.182,0.387,0.551,0.392,0.52,0.861,0.322,0.985,0.322,0.516,0.50380,24
RSL-1,0,0.064,0.532,0.912,0.266,1.371,0.347,0.288,0.322,0.129,0.42310,25
RSL-1,0.144,0.322,0.144,0.456,0.551,0.258,0.648,0.456,0.686,0.456,0.41210,26
RSL-1,0,0.387,0.322,1.618,0.064,0.839,0.064,0.465,0,0.129,0.38880,27
RSL-1,0,0.584,0.322,0.645,0.555,0.433,0.258,0.547,0.233,0.52,0.40970,28
RSL-1,0.266,0.129,0.595,1.356,1.328,0.288,0.612,0.365,0.233,0,0.51720,29
RSL-1,0.064,0.064,0.322,1.081,0.551,1.316,0,0.735,0.52,0,0.46530,30
RSL-1,0.376,0.322,0.064,0.735,0.347,0.721,0.777,1.522,0.413,0.347,0.56240,31
RSL-1,0.387,0.47,0.258,1.141,0.322,0.584,2.217,0.266,0.064,0,0.57090,32
RSL-1,0.204,0.129,0.903,1.389,0.808,1.141,1.126,0.808,0.433,0.47,0.74110,33
RSL-1,0.387,0.491,0.392,0.504,0.551,0.465,1.05,0.71,0.347,0,0.48970,34
RSL-1,0.091,0.144,0.204,0.433,0.608,1.442,0.71,0.779,0.233,0.376,0.50200,35
RSL-1,0.413,0.392,0.064,0.721,1.304,0.547,0.826,0.97,0.204,0,0.54410,36
RSL-1,0,0,0.322,0.47,1.355,0.144,0.288,0.877,0,0.408,0.38640,37
RSL-1,0.182,0.129,0.413,1.168,0.645,0.408,0.064,0.985,0.322,0.091,0.44070,38
RSL-1,0.064,0,0.322,0.865,0.581,0.413,0.698,0.451,0.091,0.347,0.38320,39
RSL-1,0,0.091,1.29,0.577,0.648,0,0.712,0.952,0,0.091,0.43610,40
RSL-2,0,0.233,0.204,0.129,0.144,0.288,0.144,0.182,0.064,0.064,0.14520,1
RSL-2,0.392,0,0.433,0,0,0.387,0,0.064,0,0,0.12760,2
RSL-2,0.091,0.129,0.52,0.258,0.182,0.193,0.129,0.193,0.896,0.664,0.32550,3
RSL-2,0.816,0.193,0.816,0.204,0.064,0.808,0.433,0.456,0.193,0.144,0.41270,4
RSL-2,0.064,0.204,0.47,0.091,0,0.52,0.376,0.392,0.664,0.532,0.33130,5
RSL-2,0.182,0.129,0.233,0.266,0,0.785,0,0.266,0.639,0.584,0.30840,6
RSL-2,0.266,0.376,0.233,0.064,0.064,0.233,0.144,0.322,0.47,0.322,0.24940,7
RSL-2,0.266,0.491,0.288,0,0,0.091,0.064,0.266,0.347,0.392,0.22050,8
RSL-2,0.686,0,0.064,0.064,0.129,0.204,0.144,0.584,0.52,0.71,0.31050,9
RSL-2,0.204,0.258,0.193,0.258,0,0.612,0.204,0.721,0.144,0.491,0.30850,10
RSL-2,0.322,0.144,0.71,0.392,0.091,0.274,1.784,0.581,0.504,1.034,0.58360,11
RSL-2,0.595,0.064,0,0.064,0.064,0.144,0.413,0.577,0.288,0.064,0.22730,12
RSL-2,0.129,0.266,0.288,0.233,0,0.144,0.233,0.645,0.551,0.712,0.32010,13
RSL-2,0.144,0.193,0.266,0.347,0.064,0.465,0.608,0.491,0,0.233,0.28110,14
RSL-2,0.266,0.144,0.266,0.064,0,0.456,0.584,1.163,0.204,1.267,0.44140,15
RSL-2,0.193,0,0.71,0.645,0,0.491,0.408,0.595,0.129,0.903,0.40740,16
RSL-2,0.387,0.233,0.064,0.376,0.129,0.52,0.516,0.779,0.064,1.154,0.42220,17
RSL-2,0.52,0.129,0.839,0.193,0,0.274,0.698,1.098,0.193,0.648,0.45920,18
RSL-2,0.288,0.204,0.064,0,0,0.595,0.266,0.329,0.064,0.193,0.20030,19
RSL-2,0.274,0.144,0.47,0.064,0.064,0.721,0.064,1.163,0.193,0.376,0.35330,20
RSL-2,0.52,0.233,0.266,0,0,0.233,0.612,0.645,0.392,0.584,0.34850,21
RSL-2,0.735,0.329,0.288,0.064,0,0.52,0.413,1.034,0.091,0.491,0.39650,22
RSL-2,0.387,0,0.258,0.182,0.322,1.008,0.387,1.143,0.204,0.808,0.46990,23
RSL-2,0.735,0.258,0.347,0.721,0.193,1.097,0.839,0.365,0.258,0.516,0.53290,24
RSL-2,0.322,0.064,0.258,0.329,0.182,0.712,0.347,1.51,0,0.129,0.38530,25
RSL-2,0.258,0.193,0.064,0.413,0.144,0.064,1.003,1.141,0,0.129,0.34090,26
RSL-2,0.288,0.258,0.491,0,0.645,0.129,0.595,1.368,0.581,0.144,0.44990,27
RSL-2,0.456,0.144,0.274,0.129,0.47,0.365,0.779,1.2,0.47,0.612,0.48990,28
RSL-2,0.266,0.413,0.204,0.322,0.091,0.504,0.555,1.612,0.595,0.258,0.48200,29
RSL-2,0.129,0.193,0.204,0.204,0.595,0.752,1.432,1.217,0.392,1.126,0.62440,30
RSL-2,0.673,0.193,0.329,0,0.091,0.584,0.595,1.068,0.456,0.865,0.48540,31
RSL-2,0.532,0.064,0.555,0.182,0.064,0.329,1.371,1.371,0.322,1.163,0.59530,32
RSL-2,0.952,0,0.144,0.204,0.47,0.595,0.532,1.189,0.129,0.322,0.45370,33
RSL-2,0.233,0.266,0.387,0,0.258,0.387,1.098,0.581,0.451,0.779,0.44400,34
RSL-2,0.504,0.204,0,0.204,0.376,0.896,1.285,1.356,0.976,0.516,0.63170,35
RSL-2,0.555,0.695,0.735,0.064,0.274,0.329,0.52,1.126,0.735,1.008,0.60410,36
RSL-2,0.516,0.288,0.451,0.329,0.204,0.376,1.11,1.104,0.839,0.785,0.60020,37
RSL-2,0.777,0.686,0.288,0.233,0,1.097,0.798,1.569,0.347,1.02,0.68150,38
RSL-2,0.664,0.288,0.182,0.465,0.193,1.296,1.189,0.193,0.752,0.516,0.57380,39
RSL-2,0.821,0.695,0.064,0.504,0.091,0.322,0.547,0.551,0.413,0.664,0.46720,40
PDL-1,0.144,0.322,0,0.465,0,0.064,0.456,0,0.129,0.193,0.17730,1
PDL-1,0.091,0,0,0.258,0,0,0.456,0.193,0.413,0.258,0.16690,2
PDL-1,0.288,0.064,0.233,0.376,0.064,0.182,0.266,0,0.648,0.064,0.21850,3
PDL-1,0,0.584,0,0.204,0,0.064,0,0.387,0.451,0,0.16900,4
PDL-1,0.144,0.258,0,0.387,0,0.144,0.376,0.064,0.779,0,0.21520,5
PDL-1,0.233,0,0.204,0.144,0.064,0.129,0.193,0,0,0.635,0.16020,6
PDL-1,0,0.193,0.144,0.329,0,0,0.456,0.365,0.903,0,0.23900,7
PDL-1,1.02,0.532,0.47,0.193,0,0.258,0.322,0.144,0.322,0.504,0.37650,8
PDL-1,0.376,0.839,0,0.785,0,0.258,0.413,0.064,0.577,0.387,0.36990,9
PDL-1,0.288,0.274,0.735,0.387,0,0.064,0.465,0,0.392,0.47,0.30750,10
PDL-1,0.129,0.322,1.098,0.465,0,0,0.144,0.144,0.516,0.821,0.36390,11
PDL-1,0.129,0.595,0.491,0.129,0,0.064,0.129,0.064,0.376,0.091,0.20680,12
PDL-1,0.387,0.721,0.923,0.532,0,0.064,0.129,0.064,1.081,0.532,0.44330,13
PDL-1,0,0.182,0.532,0.329,0,0.612,0.233,0.322,0.865,0.456,0.35310,14
PDL-1,0,0.193,0.456,1.425,0.233,0.144,0.182,0.193,1.189,0.182,0.41970,15
PDL-1,0.288,0.064,1.034,0.808,0.258,0.204,0.064,0.193,1.316,0.193,0.44220,16
PDL-1,0.064,0,0.923,0.658,0.392,0.532,0.274,0.091,0.347,1.736,0.50170,17
PDL-1,0.532,0.608,0.712,0.721,0.064,0.064,0.091,0.193,0.595,0.266,0.38460,18
PDL-1,0.266,1.081,0.516,0.896,0.433,0.698,0.433,0.52,1.29,1.252,0.73850,19
PDL-1,0.288,0.777,0.456,0.987,0.064,0.456,1.034,0.686,1.33,1.561,0.76390,20
PDL-1,0.959,0.408,0.322,0.952,0,0,0.322,0.868,2.253,1.189,0.72730,21
PDL-1,0.777,0.274,0.698,0.555,0.258,0,0.322,0.896,0.413,1.126,0.53190,22
PDL-1,0.673,0.129,0.898,0.465,0.129,0.091,0.584,0.808,0.274,1.008,0.50590,23
PDL-1,0.774,0,0.456,1.2,0.451,0.735,1.252,0.551,0.774,0.952,0.71450,24
PDL-1,0.555,0.365,1.034,0.982,0.288,0.967,0.987,0.673,0.658,1.217,0.77260,25
PDL-1,0.064,0.595,0.577,0.456,0.204,0.52,1.163,1.593,0.755,2.183,0.81100,26
PDL-1,0.456,0.274,0.982,0.93,0.347,0.584,1.612,0.777,1.001,1.806,0.87690,27
PDL-1,1.148,0.645,0.905,1.184,0.274,0.779,1.504,0.635,0.721,0.635,0.84300,28
PDL-1,0.721,0.595,0.712,1.298,0.392,1.068,0.923,0.896,1.042,0.712,0.83590,29
PDL-1,0.47,0.504,1.034,1.356,0.555,0.658,0.985,1.154,1.496,1.682,0.98940,30
PDL-1,0.645,0.516,1.113,1.073,0.698,0.595,0.721,1.217,0.896,1.771,0.92450,31
PDL-1,1.385,0.288,0.774,1.569,0.182,1.02,0.322,1.11,2.05,1.675,1.03750,32
PDL-1,1.342,0.645,1.239,1.227,0.433,0.413,0.456,1.04,0.976,0.774,0.85450,33
PDL-1,1.827,1.496,0.808,1.285,0.712,0.648,0.752,1.058,0.816,0.779,1.01810,34
PDL-1,0.456,0.865,0.658,0.912,0.408,1.462,0.387,0.608,0.896,0.608,0.72600,35
PDL-1,0.376,0.47,1.04,1.227,0.987,0.144,0.204,1.095,1.586,0.376,0.75050,36
PDL-1,0.595,1.008,0.658,1.008,0.347,0.658,0.52,1.104,0.639,0.233,0.67700,37
PDL-1,2.29,1.184,0.288,0.865,0.712,0.064,0.595,1.392,0.456,0.664,0.85100,38
PDL-1,1.551,1.113,0.755,1.714,0.695,0.808,0.735,0.673,1.008,0.896,0.99480,39
PDL-1,0.959,0.504,1.708,0.735,0.645,0.939,0.516,0.664,0.52,0.774,0.79640,40
PDL-2,0.322,0.193,0.322,0.52,0.193,0.595,0,0.322,0.433,0.595,0.34950,1
PDL-2,0.064,0.608,0.376,0.064,0.658,0.064,0.144,0.129,0.194,0.917,0.32180,2
PDL-2,0,0.204,0.064,0.144,0.193,0.144,0.266,0.266,0.144,0.612,0.20370,3
PDL-2,0.258,0.322,0.144,0.129,0.465,0,0,0.274,0,1.04,0.26320,4
PDL-2,0.129,0.233,0.064,0.091,0.491,0.532,0.182,0.064,0.322,0.064,0.21720,5
PDL-2,0.091,0.347,0.392,0.129,0.322,0.193,0.064,0.204,0.329,1.068,0.31390,6
PDL-2,0,0.258,0.408,0.376,0.129,0.233,0,0.144,0,0.456,0.20040,7
PDL-2,0.064,0.233,0.129,0.322,0.392,0.52,0.064,0.129,0.194,0.129,0.21760,8
PDL-2,0.064,0.266,0.695,0.516,0.322,0.896,0.064,0.387,0.695,1.935,0.58400,9
PDL-2,0.258,0.595,0.785,0.266,0.193,1.665,0,0.452,0.182,0.52,0.49160,10
PDL-2,0.322,0.204,0.952,0.387,0.091,0.686,0.064,0.952,0.329,0.648,0.46350,11
PDL-2,0,0.387,0.182,0.144,0.266,0.387,0,0.47,0.182,0.408,0.24260,12
PDL-2,0.193,0.71,0.848,0,0.504,0.896,1.113,0.841,0.258,0.658,0.60210,13
PDL-2,0.456,0.551,0.322,0.233,0.877,0.233,0.581,0.721,0.129,0.861,0.49640,14
PDL-2,0.064,0.551,1.163,0,0.71,0.182,1.04,0.288,0.52,0.52,0.50380,15
PDL-2,0.064,0.288,0.779,0.584,0.451,0.144,0,0.635,0.658,0.735,0.43380,16
PDL-2,0.091,0.322,0.266,0.516,0.584,0.413,0.841,0.645,0.584,0.777,0.50390,17
PDL-2,0.091,0.645,0.233,0.144,0.695,0.456,1.342,0.144,0.387,0.923,0.50600,18
PDL-2,0.064,0.532,0.577,0.387,0.673,0.322,0.532,0.258,1.058,0.645,0.50480,19
PDL-2,0.129,0.816,0.987,0.274,0.777,0.091,1.356,0.52,0.779,1.28,0.70090,20
PDL-2,0.322,0.233,0.967,0.064,0.144,0.288,0.841,1.205,1.642,1.746,0.74520,21
PDL-2,0.288,0.584,1.872,0.608,0.985,0.329,1.285,0.595,1.316,0.376,0.82380,22
PDL-2,0,0.433,0.695,0.645,0.491,0.695,0.193,0.233,0.673,0.93,0.49880,23
PDL-2,0.456,0.433,0.695,0.413,0.322,0.064,0.839,0.595,0.923,0.735,0.54750,24
PDL-2,0.266,1.316,0.695,0.47,0.258,0.274,0.841,0.204,0.97,2.077,0.73710,25
PDL-2,0.182,0.233,1.703,0.376,0.456,0.129,1.04,0.258,1.973,1.217,0.75670,26
PDL-2,0.182,0.976,0.905,0.193,0,0.376,1.762,0.456,0.777,1.189,0.68160,27
PDL-2,0.392,1.252,1.33,0.233,0.329,0.491,1.01,0.595,0.712,1.529,0.78730,28
PDL-2,0,0.47,1.184,0.204,0.182,0.258,0.752,0.52,0.838,0.595,0.50030,29
PDL-2,0.456,0.735,0.774,0.387,0,0.329,0.595,0.612,0.698,0.755,0.53410,30
PDL-2,0.274,0.555,0.635,1.032,0.516,0.555,0.52,0.861,1.104,1.04,0.70920,31
PDL-2,0.233,1.42,0.917,1.168,0.898,0.664,0.233,0.898,1.462,1.272,0.91650,32
PDL-2,0.144,0.917,0.456,1.02,1.462,1.04,0.129,0.551,0.777,0.258,0.67540,33
PDL-2,0.456,1.529,1.51,1.296,0.752,0.347,0.491,0.194,1.442,0,0.80170,34
PDL-2,0.204,0.52,0.204,0.735,0.959,0.917,0.735,0.322,1.371,0.639,0.66060,35
PDL-2,0.091,0.387,1.966,0.967,0.433,0.465,0.581,0.639,0.664,0.532,0.67250,36
PDL-2,0.204,0.635,1.485,0.387,0.52,0.755,0.712,1.306,1.462,0.903,0.83690,37
PDL-2,0.091,1.212,0.939,0.976,0.144,0.322,0.347,1.241,1.38,0.798,0.74500,38
PDL-2,0.376,0.322,1.04,1.33,0.987,1.677,0.433,0.547,0.322,0.877,0.79110,39
PDL-2,0.47,0.985,0.923,0.967,1.098,1.163,0.752,0.755,1.113,0.322,0.85480,40
